val_loss,val_accuracy,loss,accuracy
0.9692191481590271,0.0,0.34324073791503906,0.6666667
0.9692257046699524,0.0,0.34323850274086,0.6666667
0.969232439994812,0.0,0.3432363271713257,0.6666667
0.9692390561103821,0.0,0.3432341516017914,0.6666667
